filename,style_bucket,artist,title,license,source_url
"1000-handz-mona-lisa.mp3","meditation_relaxing","1000 Handz","Mona Lisa","CC BY 4.0","https://freemusicarchive.org/music/1000-handz/cc-by-free-to-use-chillstudylounge-instrumentals/mona-lisa/"
"alex-morgan-bossa-lounge-cocktail-bar-early-evening.mp3","meditation_relaxing","Alex Morgan","Bossa Lounge Cocktail Bar Early Evening","CC BY 4.0","https://freemusicarchive.org/music/alex-morgan/bossa-nova-latin-jazz-vol-1/bossa-lounge-cocktail-bar-early-evening/"
"alex-morgan-bossa-nova-rainy-night-quiet-sway.mp3","meditation_relaxing","Alex Morgan","Bossa Nova Rainy Night Quiet Sway","CC BY 4.0","https://freemusicarchive.org/music/alex-morgan/bossa-nova-latin-jazz-vol-1/bossa-nova-rainy-night-quiet-sway/"
"alex-morgan-latin-jazz-sunny-cafe-afternoon-groove.mp3","meditation_relaxing","Alex Morgan","Latin Jazz Sunny Cafe Afternoon Groove","CC BY 4.0","https://freemusicarchive.org/music/alex-morgan/bossa-nova-latin-jazz-vol-2/latin-jazz-sunny-cafe-afternoon-groove/"
"alex-morgan-jazz-ballad-coffee-shop-warm-mid-pace.mp3","meditation_relaxing","Alex Morgan","Jazz Ballad Coffee Shop Warm Mid Pace","CC BY 4.0","https://freemusicarchive.org/music/alex-morgan/cocktail-bar-lounge-jazz-vol-1/jazz-ballad-coffee-shop-warm-mid-pace/"
"alex-morgan-gypsy-jazz-restaurant-gentle-manouche.mp3","meditation_relaxing","Alex Morgan","Gypsy Jazz Restaurant Gentle Manouche","CC BY 4.0","https://freemusicarchive.org/music/alex-morgan/gypsy-smooth-jazz-vol-1/gypsy-jazz-restaurant-gentle-manouche/"
"alex-morgan-chillhop-jazz-coffee-shop-ambience.mp3","meditation_relaxing","Alex Morgan","Chillhop Jazz Coffee Shop Ambience","CC BY 4.0","https://freemusicarchive.org/music/alex-morgan/jazz-study-sessions-vol-1/chillhop-jazz-coffee-shop-ambience/"
"alex-morgan-chillhop-jazz-for-a-rainy-night-in.mp3","meditation_relaxing","Alex Morgan","Chillhop Jazz for a Rainy Night In","CC BY 4.0","https://freemusicarchive.org/music/alex-morgan/jazz-study-sessions-vol-1/chillhop-jazz-for-a-rainy-night-in/"
"alex-morgan-lofi-jazz-study-session-in-a-minor-key.mp3","meditation_relaxing","Alex Morgan","Lofi Jazz Study Session in a Minor Key","CC BY 4.0","https://freemusicarchive.org/music/alex-morgan/lofi-study-beats/lofi-jazz-study-session-in-a-minor-key/"
"alex-morgan-study-lofi-rainy-night-at-low-level.mp3","meditation_relaxing","Alex Morgan","Study Lofi Rainy Night at Low Level","CC BY 4.0","https://freemusicarchive.org/music/alex-morgan/lofi-study-beats/study-lofi-rainy-night-at-low-level/"
"alex-morgan-modal-jazz-study-session-with-open-harmony.mp3","meditation_relaxing","Alex Morgan","Modal Jazz Study Session With Open Harmony","CC BY 4.0","https://freemusicarchive.org/music/alex-morgan/lofi-study-beats/modal-jazz-study-session-with-open-harmony/"
"alex-morgan-cocktail-jazz-study-session-without-drums.mp3","meditation_relaxing","Alex Morgan","Cocktail Jazz Study Session Without Drums","CC BY 4.0","https://freemusicarchive.org/music/alex-morgan/jazz-study-sessions-vol-2/cocktail-jazz-study-session-without-drums/"
"1000-handz-fresh-flowers.mp3","deep_house_yoga","1000 Handz","Fresh Flowers","CC BY 4.0","https://freemusicarchive.org/music/1000-handz/cc-by-free-to-use-dancehouse-instrumentals/fresh-flowers/"
"1000-handz-magnetz.mp3","deep_house_yoga","1000 Handz","Magnetz","CC BY 4.0","https://freemusicarchive.org/music/1000-handz/cc-by-free-to-use-dancehouse-instrumentals/magnetz/"
"play-house-deep-house-soul.mp3","deep_house_yoga","Play House","Deep House Soul","CC0 1.0","https://freemusicarchive.org/music/play-house/single/deep-house-soul/"
"play-house-deep-house-whispers.mp3","deep_house_yoga","Play House","Deep House Whispers","CC0 1.0","https://freemusicarchive.org/music/play-house/single/deep-house-whispers/"
"play-house-come-here.mp3","deep_house_yoga","Play House","Come Here","CC0 1.0","https://freemusicarchive.org/music/play-house/single/come-here-1/"
"play-house-on-my-mind-ala-bali.mp3","deep_house_yoga","Play House","On My Mind (Ala Bali)","CC0 1.0","https://freemusicarchive.org/music/play-house/single/play-house-on-my-mind-ala-balimp3/"
"play-house-the-caseohng.mp3","deep_house_yoga","Play House","The CaseOhng","CC BY 4.0","https://freemusicarchive.org/music/play-house/single/the-caseohng/"
"play-house-single.mp3","deep_house_yoga","Play House","Single","CC0 1.0","https://freemusicarchive.org/music/play-house/songs-1/single-2/"
"elijah-k-yoga.mp3","deep_house_yoga","Elijah_K","Yoga","CC BY 4.0","https://freemusicarchive.org/music/elijah-k/single/yoga-4/"
"elijah-k-deep.mp3","deep_house_yoga","Elijah_K","Deep","CC BY 4.0","https://freemusicarchive.org/music/elijah-k/single/deep-6/"
"elijah-k-path-of-peace.mp3","deep_house_yoga","Elijah_K","Path Of Peace","CC BY 4.0","https://freemusicarchive.org/music/elijah-k/single/path-of-peace/"
"elijah-k-rivers-flow.mp3","deep_house_yoga","Elijah_K","River's Flow","CC BY 4.0","https://freemusicarchive.org/music/elijah-k/single/rivers-flow/"
"elijah-k-the-truth-of-silence.mp3","deep_house_yoga","Elijah_K","The Truth Of Silence","CC BY 4.0","https://freemusicarchive.org/music/elijah-k/single/the-truth-of-silence/"
"ketsa-a-rose-in-the-concrete.mp3","triphop_downtempo","Ketsa","A Rose in the Concrete","CC BY 4.0","https://freemusicarchive.org/music/Ketsa/soul-sighs/a-rose-in-the-concrete/"
"ketsa-crumbling.mp3","triphop_downtempo","Ketsa","Crumbling","CC BY 4.0","https://freemusicarchive.org/music/Ketsa/soul-sighs/crumbling/"
"ketsa-dream-bar-jazz.mp3","triphop_downtempo","Ketsa","Dream Bar Jazz","CC BY 4.0","https://freemusicarchive.org/music/Ketsa/soul-sighs/dream-bar-jazz/"
"ketsa-driving-soul.mp3","triphop_downtempo","Ketsa","Driving Soul","CC BY 4.0","https://freemusicarchive.org/music/Ketsa/soul-sighs/driving-soul/"
"ketsa-love-you-the-same.mp3","triphop_downtempo","Ketsa","Love you the Same","CC BY 4.0","https://freemusicarchive.org/music/Ketsa/soul-sighs/love-you-the-same/"
"ketsa-new-days-new-minutes.mp3","triphop_downtempo","Ketsa","New Days New Minutes","CC BY 4.0","https://freemusicarchive.org/music/Ketsa/soul-sighs/new-days-new-minutes/"
"ketsa-orion.mp3","triphop_downtempo","Ketsa","Orion","CC BY 4.0","https://freemusicarchive.org/music/Ketsa/soul-sighs/orion-2/"
"00076924-untutled.mp3","triphop_downtempo","00076924","Untutled","CC BY 4.0","https://freemusicarchive.org/music/00076924/x3dotver15-untutled/untutled/"
"alex-morgan-chillhop-jazz-midnight-club-groove.mp3","triphop_downtempo","Alex Morgan","Chillhop Jazz Midnight Club Groove","CC BY 4.0","https://freemusicarchive.org/music/alex-morgan/jazz-study-sessions-vol-1/chillhop-jazz-midnight-club-groove/"
"alex-morgan-jazzhop-lofi-midnight-club-session.mp3","triphop_downtempo","Alex Morgan","Jazzhop Lofi Midnight Club Session","CC BY 4.0","https://freemusicarchive.org/music/alex-morgan/jazz-study-sessions-vol-3/jazzhop-lofi-midnight-club-session/"
"1000-handz-long-distance.mp3","liquid_dnb","1000 Handz","Long Distance","CC BY 4.0","https://freemusicarchive.org/music/1000-handz/cc-by-free-to-use-drum-bass-instrumentals/long-distance-1/"
"1000-handz-relativity.mp3","liquid_dnb","1000 Handz","Relativity","CC BY 4.0","https://freemusicarchive.org/music/1000-handz/cc-by-free-to-use-drum-bass-instrumentals/relativity/"
"1000-handz-superwave.mp3","liquid_dnb","1000 Handz","Superwave","CC BY 4.0","https://freemusicarchive.org/music/1000-handz/cc-by-free-to-use-drum-bass-instrumentals/superwave/"
"1000-handz-unity.mp3","liquid_dnb","1000 Handz","Unity","CC BY 4.0","https://freemusicarchive.org/music/1000-handz/cc-by-free-to-use-drum-bass-instrumentals/unity-1/"
"1000-handz-divine-db-edit.mp3","liquid_dnb","1000 Handz","Divine (D&B edit)","CC BY 4.0","https://freemusicarchive.org/music/1000-handz/cc-by-free-to-use-electronicgaming-instrumentals/divine-db-edit/"
"soularflair-accelerated-mind.mp3","liquid_dnb","Soularflair","Accelerated Mind (drum'n'bass, electronica, fast, filmic)","CC BY 4.0","https://freemusicarchive.org/music/Soularflair/cc-by-free-to-use-for-anything-1/accelerated-mind-drumnbass-electronica-fast-filmic/"
"soularflair-autonome.mp3","liquid_dnb","Soularflair","Autonome (soundtrack, drum'n'bass, dark, epic)","CC BY 4.0","https://freemusicarchive.org/music/Soularflair/cc-by-free-to-use-for-anything-1/autonome-soundtrack-drumnbass-dark-epic/"
"soularflair-epochelliptic.mp3","liquid_dnb","Soularflair","Epochelliptic (drum'n'bass, electronica, sense of journey)","CC BY 4.0","https://freemusicarchive.org/music/Soularflair/cc-by-free-to-use-for-anything-1/epochelliptic-drumnbass-electronica-sense-of-journey/"
"soularflair-manic-kinetic.mp3","liquid_dnb","Soularflair","Manic Kinetic (electronica, drum'n'bass, experimental)","CC BY 4.0","https://freemusicarchive.org/music/Soularflair/cc-by-free-to-use-for-anything-1/manic-kinetic-electronica-drumnbass-experimental/"
"soulja-unit-admiral-bob-sometimes-mercy-remix.mp3","triphop_downtempo","Soulja Unit (ft. Admiral Bob)","Sometimes Mercy (Soulja Unit Remix)","CC BY 4.0","https://ccmixter.org/files/SouljaUnit/71043"
"malredeszik-cc-drops-out.mp3","triphop_downtempo","MalreDeszik","CC-Drops-Out","CC BY 4.0","https://ccmixter.org/files/MalreDeszik/70748"
"osedax-mucofloris-siren-01.mp3","meditation_relaxing","Osedax Mucofloris","Siren (track 1)","CC BY 3.0","https://archive.org/details/taediumvitae005"
"osedax-mucofloris-siren-03.mp3","meditation_relaxing","Osedax Mucofloris","Siren (track 3)","CC BY 3.0","https://archive.org/details/taediumvitae005"
"osedax-mucofloris-siren-05.mp3","meditation_relaxing","Osedax Mucofloris","Siren (track 5)","CC BY 3.0","https://archive.org/details/taediumvitae005"
"ananta-live-on-rainy-days-1.mp3","meditation_relaxing","Ananta","Live On Rainy Days (part 1)","CC BY 3.0","https://archive.org/details/Ananta_Live"
"ananta-live-on-rainy-days-2.mp3","meditation_relaxing","Ananta","Live On Rainy Days (part 2)","CC BY 3.0","https://archive.org/details/Ananta_Live"
"kahvi014-vae-mistral.mp3","meditation_relaxing","Vae","Mistral","CC BY 1.0","https://archive.org/details/kahvi014"
"kahvi020-die-2d-life.mp3","meditation_relaxing","DiE","2D Life","CC BY 1.0","https://archive.org/details/kahvi020"
"kahvi061-xhale-oslo-by-night.ogg","meditation_relaxing","Xhale","Oslo by Night","CC BY 1.0","https://archive.org/details/kahvi061"
"wmri-emerald-sky.mp3","meditation_relaxing","WMRI","Emerald Sky","CC BY-SA 3.0","https://archive.org/details/wmri-emerald-sky.html"
"wmri-deep-forest.mp3","meditation_relaxing","WMRI","Deep Forest","CC BY-SA 3.0","https://archive.org/details/wmri-deep-forest"
"wmri-station-49-r.mp3","meditation_relaxing","WMRI","Station 49-R","CC BY-SA 3.0","https://archive.org/details/wmri-deep-forest"
"wmri-ambiental-party.mp3","meditation_relaxing","WMRI","Ambiental Party","CC BY-SA 3.0","https://archive.org/details/wmri-deep-forest"
"wmri-deep-in-the-water.mp3","meditation_relaxing","WMRI","Deep in the Water","CC BY-SA 3.0","https://archive.org/details/wmri-ocean-heart"
"wmri-the-world-of-waves.mp3","meditation_relaxing","WMRI","The World of Waves","CC BY-SA 3.0","https://archive.org/details/wmri-ocean-heart"
"wmri-ocean-heart.mp3","meditation_relaxing","WMRI","Ocean Heart","CC BY-SA 3.0","https://archive.org/details/wmri-ocean-heart"
"kahvi015-esem-outburst-then-flat.mp3","triphop_downtempo","Esem","Outburst (Then Flat)","CC BY 1.0","https://archive.org/details/kahvi015"
"kahvi018-jean-nine-cramshafter.mp3","triphop_downtempo","Jean Nine","Cramshafter","CC BY 1.0","https://archive.org/details/kahvi018"
"wmri-buoyant-iceberg.mp3","meditation_relaxing","WMRI","Buoyant Iceberg","CC BY-SA 3.0","https://archive.org/details/wmri-celestine-glacier"
"kahvi032-xhale-fall-sounds-like.mp3","triphop_downtempo","Xhale","Fall Sounds Like","CC BY 1.0","https://archive.org/details/kahvi032"
"kahvi042-4t-thieves-the-beginning.mp3","triphop_downtempo","4T Thieves","The Beginning","CC BY 1.0","https://archive.org/details/kahvi042"
"wmri-timeless-glacier.mp3","meditation_relaxing","WMRI","Timeless Glacier","CC BY-SA 3.0","https://archive.org/details/wmri-celestine-glacier"
"kahvi042-4t-thieves-tidal-blues.mp3","triphop_downtempo","4T Thieves","Tidal Blues","CC BY 1.0","https://archive.org/details/kahvi042"
"derek-nigell-sleepy-ocean.mp3","meditation_relaxing","Derek Nigell","Sleepy Ocean","CC BY 4.0","https://archive.org/details/derek-nigell-distant-ocean"
"kahvi049-4t-thieves-aliens-stole-my-harddrive.ogg","triphop_downtempo","4T Thieves","Aliens Stole My Harddrive","CC BY 1.0","https://archive.org/details/kahvi049"
"kahvi052-pinza-alternaton.ogg","triphop_downtempo","Pinza","Alternaton","CC BY 1.0","https://archive.org/details/kahvi052"
"derek-nigell-waves-and-blue.mp3","meditation_relaxing","Derek Nigell","Waves and Blue","CC BY 4.0","https://archive.org/details/derek-nigell-distant-ocean"
"derek-nigell-a-myriad-of-dreams.mp3","meditation_relaxing","Derek Nigell","A Myriad of Dreams","CC BY 4.0","https://archive.org/details/derek-nigell-distant-ocean"
"kahvi055-unicode-poems.ogg","triphop_downtempo","Unicode","Poems","CC BY 1.0","https://archive.org/details/kahvi055"
"digi-hartatak-mysoace.mp3","triphop_downtempo","Digi Hartatak","Mysoace","CC BY 3.0","https://archive.org/details/mysoace"
"digi-hartatak-more-dnb.mp3","liquid_dnb","Digi Hartatak","More DNB","CC BY 3.0","https://archive.org/details/morednb"
"digi-hartatak-machine-language.mp3","liquid_dnb","Digi Hartatak","Machine Language","CC BY 3.0","https://archive.org/details/machine_language"
"digi-hartatak-eclecticity-birth.mp3","liquid_dnb","Digi Hartatak","Eclecticity - Birth","CC BY 3.0","https://archive.org/details/Eclecticity"
"digi-hartatak-eclecticity-relaxation.mp3","liquid_dnb","Digi Hartatak","Eclecticity - Relaxation","CC BY 3.0","https://archive.org/details/Eclecticity"
"digi-hartatak-quarkstar.mp3","liquid_dnb","Digi Hartatak","Quark Star","CC BY 3.0","https://archive.org/details/quarkstar"
"leon-lamont-american-black.mp3","liquid_dnb","Leon Lamont","American Black","CC BY 3.0","https://archive.org/details/AmericanBlack"
"twintowerconnection-elektronnaja-muzika-1.mp3","deep_house_yoga","TwinTowerConnection","Elektronnaja Muzika (part 1)","CC BY-SA 2.5","https://archive.org/details/tek05"
"twintowerconnection-into-deep.mp3","deep_house_yoga","TwinTowerConnection","Into Deep","CC BY-SA 2.5","https://archive.org/details/tek05"
"pasquale-house.mp3","deep_house_yoga","Pasquale","H.O.U.S.E","CC BY-SA 2.5","https://archive.org/details/tek07"
"pasquale-sunshine-come-back.mp3","deep_house_yoga","Pasquale","Sunshine Come Back","CC BY-SA 2.5","https://archive.org/details/tek07"
"labam-straight-outta-espelkamp.mp3","deep_house_yoga","Labam","Straight Outta Espelkamp","CC BY-SA 2.5","https://archive.org/details/tek08"
"digi-hartatak-funky-louie.mp3","deep_house_yoga","Digi Hartatak","Funky Louie","CC BY 3.0","https://archive.org/details/funkylouie"
"mehta-stay-like-that.mp3","deep_house_yoga","Mehta","Stay Like That","CC BY 4.0","https://archive.org/details/yarn021"
"mehta-keep-this-room.mp3","deep_house_yoga","Mehta","Keep This Room","CC BY 4.0","https://archive.org/details/yarn021"
"kahvi055-unicode-poems.ogg","triphop_downtempo","Unicode","Poems","CC BY 1.0","https://archive.org/details/kahvi055"
"digi-hartatak-mysoace.mp3","triphop_downtempo","Digi Hartatak","Mysoace","CC BY 3.0","https://archive.org/details/mysoace"
"digi-hartatak-more-dnb.mp3","liquid_dnb","Digi Hartatak","More DNB","CC BY 3.0","https://archive.org/details/morednb"
"digi-hartatak-machine-language.mp3","liquid_dnb","Digi Hartatak","Machine Language","CC BY 3.0","https://archive.org/details/machine_language"
"digi-hartatak-eclecticity-birth.mp3","liquid_dnb","Digi Hartatak","Eclecticity - Birth","CC BY 3.0","https://archive.org/details/Eclecticity"
"digi-hartatak-eclecticity-relaxation.mp3","liquid_dnb","Digi Hartatak","Eclecticity - Relaxation","CC BY 3.0","https://archive.org/details/Eclecticity"
"digi-hartatak-quarkstar.mp3","liquid_dnb","Digi Hartatak","Quark Star","CC BY 3.0","https://archive.org/details/quarkstar"
"leon-lamont-american-black.mp3","liquid_dnb","Leon Lamont","American Black","CC BY 3.0","https://archive.org/details/AmericanBlack"
"twintowerconnection-elektronnaja-muzika-1.mp3","deep_house_yoga","TwinTowerConnection","Elektronnaja Muzika (part 1)","CC BY-SA 2.5","https://archive.org/details/tek05"
"twintowerconnection-into-deep.mp3","deep_house_yoga","TwinTowerConnection","Into Deep","CC BY-SA 2.5","https://archive.org/details/tek05"
"pasquale-house.mp3","deep_house_yoga","Pasquale","H.O.U.S.E","CC BY-SA 2.5","https://archive.org/details/tek07"
"pasquale-sunshine-come-back.mp3","deep_house_yoga","Pasquale","Sunshine Come Back","CC BY-SA 2.5","https://archive.org/details/tek07"
"labam-straight-outta-espelkamp.mp3","deep_house_yoga","Labam","Straight Outta Espelkamp","CC BY-SA 2.5","https://archive.org/details/tek08"
"digi-hartatak-funky-louie.mp3","deep_house_yoga","Digi Hartatak","Funky Louie","CC BY 3.0","https://archive.org/details/funkylouie"
"mehta-stay-like-that.mp3","deep_house_yoga","Mehta","Stay Like That","CC BY 4.0","https://archive.org/details/yarn021"
"mehta-keep-this-room.mp3","deep_house_yoga","Mehta","Keep This Room","CC BY 4.0","https://archive.org/details/yarn021"
"broke-for-free-wash-out.mp3","triphop_downtempo","Broke For Free","Wash Out","CC BY 4.0","https://brokeforfree.bandcamp.com/track/wash-out"
"broke-for-free-something-jah.mp3","triphop_downtempo","Broke For Free","Something Jah","CC BY 4.0","https://brokeforfree.bandcamp.com/album/something-ep"
"broke-for-free-something-old.mp3","triphop_downtempo","Broke For Free","Something Old","CC BY 4.0","https://brokeforfree.bandcamp.com/album/something-ep"
"komiku-ambiant-anxiety.mp3","meditation_relaxing","Komiku","Ambiant Anxiety","CC BY 4.0","https://chezmonplaisir.bandcamp.com/album/the-binge-watchers-score-1"
"komiku-ambiant-hope.mp3","meditation_relaxing","Komiku","Ambiant Hope","CC BY 4.0","https://chezmonplaisir.bandcamp.com/album/the-binge-watchers-score-1"
"frederic-lardon-love-deep-sea.mp3","deep_house_yoga","Frederic Lardon","Love Deep Sea","CC BY 4.0","https://chezmonplaisir.bandcamp.com/album/robots-feelings"
"frederic-lardon-robot-is-chilling.mp3","deep_house_yoga","Frederic Lardon","Robot is chilling","CC BY 4.0","https://chezmonplaisir.bandcamp.com/album/robots-feelings"
"stocksonglibrary-dnb-001.mp3","liquid_dnb","Stock Song Library","DnB 001","CC BY 4.0","https://stocksonglibrary.bandcamp.com/album/atmospheric-drum-and-bass-vol-1"
"stocksonglibrary-dnb-002.mp3","liquid_dnb","Stock Song Library","DnB 002","CC BY 4.0","https://stocksonglibrary.bandcamp.com/album/atmospheric-drum-and-bass-vol-1"
"scott-buckley-sleep.mp3","meditation_relaxing","Scott Buckley","Sleep","CC BY 4.0","https://soundcloud.com/scottbuckley (audio: https://www.scottbuckley.com.au/library/sleep/)"
"scott-buckley-in-this-moment.mp3","meditation_relaxing","Scott Buckley","In This Moment","CC BY 4.0","https://soundcloud.com/scottbuckley (audio: https://www.scottbuckley.com.au/library/in-this-moment/)"
"scott-buckley-penumbra.mp3","meditation_relaxing","Scott Buckley","Penumbra","CC BY 4.0","https://soundcloud.com/scottbuckley (audio: https://www.scottbuckley.com.au/library/penumbra/)"
"scott-buckley-amberlight.mp3","meditation_relaxing","Scott Buckley","Amberlight","CC BY 4.0","https://soundcloud.com/scottbuckley (audio: https://www.scottbuckley.com.au/library/amberlight/)"
"scott-buckley-unraveling.mp3","meditation_relaxing","Scott Buckley","Unraveling","CC BY 4.0","https://soundcloud.com/scottbuckley (audio: https://www.scottbuckley.com.au/library/unraveling/)"
"scott-buckley-echoes-of-home.mp3","meditation_relaxing","Scott Buckley","Echoes Of Home","CC BY 4.0","https://soundcloud.com/scottbuckley (audio: https://www.scottbuckley.com.au/library/echoes-of-home/)"
"jeff-bernhardt-a-really-nice-pair-of-bolt-cutters.mp3","meditation_relaxing","jeff bernhardt","A Really Nice Pair Of Bolt Cutters","CC BY-SA 3.0","https://archive.org/details/AmbientFourthWorldTromboneWorks"
"jeff-bernhardt-equinox.mp3","meditation_relaxing","jeff bernhardt","Equinox","CC BY-SA 3.0","https://archive.org/details/AmbientFourthWorldTromboneWorks"
"r-cole-daily-ambient-day-02.mp3","meditation_relaxing","R. Cole","Daily Ambient - Day 02","CC BY-SA 3.0","https://archive.org/details/dailyambient-2012"
"r-cole-daily-ambient-day-03.mp3","meditation_relaxing","R. Cole","Daily Ambient - Day 03","CC BY-SA 3.0","https://archive.org/details/dailyambient-2012"
"curtis-lehr-argiflex-biomagnetism.mp3","meditation_relaxing","Curtis Lehr (Argiflex)","Biomagnetism","CC BY 3.0","https://archive.org/details/Argiflex-Regolith"
"curtis-lehr-argiflex-crystal-spheres.mp3","meditation_relaxing","Curtis Lehr (Argiflex)","Crystal Spheres","CC BY 3.0","https://archive.org/details/Argiflex-Regolith"
"john-d-parker-ambient-haunt.mp3","meditation_relaxing","John D. Parker","Ambient Haunt","CC BY-SA 3.0","https://archive.org/details/AmbientHaunt"
"megis-theta-binaural-meditation.mp3","meditation_relaxing","Megis","Theta Binaural Meditation","CC BY 3.0","https://archive.org/details/jamendo-638405"
"val-davis-the-opening.mp3","meditation_relaxing","Val Davis","The Opening","CC BY 3.0","https://archive.org/details/jamendo-129318"
"val-davis-awakening.mp3","meditation_relaxing","Val Davis","Awakening","CC BY 3.0","https://archive.org/details/jamendo-129318"
"megis-432hz-quantum-healing-meditation.mp3","meditation_relaxing","Megis","432Hz Quantum Healing Meditation","CC BY 3.0","https://archive.org/details/jamendo-638091"
"sevennotes-relaxing-soul-music.mp3","meditation_relaxing","Sevennotes","Relaxing Soul Music","CC BY 3.0","https://archive.org/details/jamendo-468945"
"moonwalk-reflections-meditative-drone-ambient.mp3","meditation_relaxing","Moonwalk","Reflections (Meditative Drone Ambient)","CC BY 3.0","https://archive.org/details/jamendo-525353"
"tina-ambient-ancient-cinematic-drone.mp3","meditation_relaxing","Tina Ambient","Ancient - Cinematic Drone","CC BY 3.0","https://archive.org/details/jamendo-631043"
"d-k-o-soundscape-space-blow.mp3","meditation_relaxing","D.K.O. soundscape","Space Blow","CC BY-SA 3.0","https://archive.org/details/jamendo-258390"
"marcello-morgese-mental-chaos.mp3","meditation_relaxing","Marcello Morgese","Mental Chaos","CC BY-SA 2.5","https://archive.org/details/jamendo-125218"
"marcello-morgese-war.mp3","meditation_relaxing","Marcello Morgese","War","CC BY-SA 2.5","https://archive.org/details/jamendo-125218"
"jack-greenwood-scarlet-miracle-original-mix.mp3","deep_house_yoga","Jack Greenwood","Scarlet Miracle (Original Mix)","CC BY 3.0","https://archive.org/details/jamendo-316588"
"jack-greenwood-infinity-original-mix.mp3","deep_house_yoga","Jack Greenwood","Infinity (Original Mix)","CC BY 3.0","https://archive.org/details/jamendo-308829"
"jack-greenwood-take-it-easy-original-mix.mp3","deep_house_yoga","Jack Greenwood","Take It Easy (Original Mix)","CC BY 3.0","https://archive.org/details/jamendo-321006"
"jack-greenwood-the-chain-of-events-original-mix.mp3","deep_house_yoga","Jack Greenwood","The Chain of Events (Original Mix)","CC BY 3.0","https://archive.org/details/jamendo-323018"
"jack-greenwood-wake-me-up-original-mix.mp3","deep_house_yoga","Jack Greenwood","Wake Me Up (Original Mix)","CC BY 3.0","https://archive.org/details/jamendo-324925"
"mast-never-say-original-mix.mp3","deep_house_yoga","Mast","Never Say (Original Mix)","CC BY 3.0","https://archive.org/details/jamendo-216657"
"rasl-deep-house-music.mp3","deep_house_yoga","RasL","Deep House Music","CC BY-SA 3.0","https://archive.org/details/jamendo-302460"
"jaros-yoga.mp3","deep_house_yoga","Jaros","Yoga","CC BY 3.0","https://archive.org/details/jamendo-331822"
"faces-in-the-clouds-man-must-explore.mp3","triphop_downtempo","Faces in the clouds","Man Must Explore","CC BY-SA 3.0","https://archive.org/details/jamendo-124355"
"faces-in-the-clouds-sea-of-darkness.mp3","triphop_downtempo","Faces in the clouds","Sea Of Darkness","CC BY-SA 3.0","https://archive.org/details/jamendo-124355"
"moonwalk-lazy-sunday-chill-downtempo-beat.mp3","triphop_downtempo","Moonwalk","Lazy Sunday (Chill Downtempo Beat)","CC BY 3.0","https://archive.org/details/jamendo-526099"
"moonwalk-soothing-soundscapes-chill-downtempo-beat.mp3","triphop_downtempo","Moonwalk","Soothing Soundscapes (Chill Downtempo Beat)","CC BY 3.0","https://archive.org/details/jamendo-526100"
"moonwalk-downtempo-delights-lofi-hip-hop.mp3","triphop_downtempo","Moonwalk","Downtempo Delights (Lofi Hip-hop)","CC BY 3.0","https://archive.org/details/jamendo-525295"
"sevennotes-modern-downtempo.mp3","triphop_downtempo","Sevennotes","Modern Downtempo","CC BY 3.0","https://archive.org/details/jamendo-510444"
"sevennotes-beauty-ambient-downtempo.mp3","triphop_downtempo","Sevennotes","Beauty Ambient Downtempo","CC BY 3.0","https://archive.org/details/jamendo-461257"
"cely-grande-relaxation-chillout-hip-hop-instrumental.mp3","triphop_downtempo","Cely Grande","Relaxation (Chillout Hip-Hop Instrumental)","CC0 1.0","https://archive.org/details/CelyGrande-RelaxationchilloutHip-hopInstrumental"
"kidjazz-idm-loopy.mp3","triphop_downtempo","kidjazz","IDM Loopy","CC BY-SA 3.0","https://archive.org/details/IdmLoopy"
"my-free-mickey-trip-hop-tricks.mp3","triphop_downtempo","My Free Mickey","Trip Hop Tricks","CC BY-SA 3.0","https://archive.org/details/TripHopTricks"
"ainst-child.mp3","triphop_downtempo","Ainst","Child","CC0 1.0","https://archive.org/details/RenaissanceByAinst.Idm"
"ainst-ep1.mp3","triphop_downtempo","Ainst","Ep1","CC0 1.0","https://archive.org/details/RenaissanceByAinst.Idm"
"keda-kid-72.mp3","liquid_dnb","Keda Kid","72","CC BY 3.0","https://archive.org/details/rz279"
"keda-kid-arcane.mp3","liquid_dnb","Keda Kid","Arcane","CC BY 3.0","https://archive.org/details/rz279"
"keda-kid-clear-nuclear.mp3","liquid_dnb","Keda Kid","Clear Nuclear","CC BY 3.0","https://archive.org/details/rz279"
"steven-booth-runaway-drum-n-bass.mp3","liquid_dnb","Steven Booth","Runaway Drum n Bass","CC BY 3.0","https://archive.org/details/jamendo-551981"
"arnaud-dromigny-jungle-train.mp3","liquid_dnb","Arnaud Dromigny","Jungle Train","CC BY-SA 3.0","https://archive.org/details/jamendo-134963"
"dj89-feat-candy89-effet-miroir-drum-and-bass-mix.mp3","liquid_dnb","Dj89 feat Candy89","Effet Miroir (Drum And Bass Mix)","CC BY-SA 3.0","https://archive.org/details/jamendo-120776"
"guizmoliveset-a-drum-and-bass.mp3","liquid_dnb","Guizmoliveset","A Drum And Bass","CC BY-SA 3.0","https://archive.org/details/jamendo-188268"
"cynicmusic-november-snow.mp3","meditation_relaxing","The Cynic Project (cynicmusic)","November Snow","CC0 1.0","https://opengameart.org/content/november-snow"
"cynicmusic-calm-ambient-3-lifewave.mp3","meditation_relaxing","The Cynic Project (cynicmusic)","Calm Ambient 3 (Lifewave 2k)","CC0 1.0","https://opengameart.org/content/calm-ambient-3-lifewave-2k"
"petterthesturgeon-dear-diary.mp3","meditation_relaxing","PetterTheSturgeon","Dear Diary","CC BY 3.0","https://opengameart.org/content/melodic-gentle-ambient-music"
"isaiah658-underwater-ambient-pad.ogg","meditation_relaxing","isaiah658","Underwater Ambient Pad","CC0 1.0","https://opengameart.org/content/underwater-ambient-pad"
"biggius-downtempo.mp3","triphop_downtempo","biggius","Downtempo","CC BY 4.0","https://opengameart.org/content/downtempo"
"bogart-vgm-trippy-chilly-monster-hop.ogg","triphop_downtempo","Bogart VGM","Trippy, chilly Monster Hop","CC BY 4.0","https://opengameart.org/content/trippy-chilly-monster-hop-bogart-vgm"
"foggy-sunrise-slower-chill-theme.wav","triphop_downtempo","Foggy Sunrise (Hannah Pugel)","Slower Chill Theme","CC BY 4.0","https://foggysunrise.itch.io/chill-phonky-music-pack"
"cynicmusic-hypnotic-chill-extended-mix.mp3","liquid_dnb","The Cynic Project (cynicmusic)","Hypnotic Chill (Extended 4 minute mix)","CC0 1.0","https://opengameart.org/content/hypnotic-chill-extended-4-minute-mix"
"bertsz-drum-and-bass.wav","liquid_dnb","bertsz","Drum and Bass","CC0 1.0","https://opengameart.org/content/drum-and-bass"
"of-far-different-nature-funky-house.mp3","deep_house_yoga","Of Far Different Nature","Funky House","CC0 1.0","https://opengameart.org/content/funky-house"
"bogart-vgm-atmospheric-house-i.mp3","deep_house_yoga","Bogart VGM","Atmospheric House I","CC BY 3.0","https://opengameart.org/content/atmospheric-house-i"
"bogart-vgm-lifeforce-house.mp3","deep_house_yoga","Bogart VGM","Lifeforce House","CC BY 4.0","https://opengameart.org/content/lifeforce-house"
